<annotation>
	<folder>train</folder>
	<filename>152761612961884ba65486d1cb70904c.jpg</filename>
	<path>C:\Users\Reem Hassan\Desktop\deeplearning\object detection course\samsung phones detection model\train\152761612961884ba65486d1cb70904c.jpg</path>
	<source>
		<database>Unknown</database>
	</source>
	<size>
		<width>736</width>
		<height>736</height>
		<depth>3</depth>
	</size>
	<segmented>0</segmented>
	<object>
		<name>SamsungFlip</name>
		<pose>Unspecified</pose>
		<truncated>0</truncated>
		<difficult>0</difficult>
		<bndbox>
			<xmin>27</xmin>
			<ymin>90</ymin>
			<xmax>393</xmax>
			<ymax>677</ymax>
		</bndbox>
	</object>
</annotation>
