<annotation>
	<folder>train</folder>
	<filename>22b9d208f7de1c8bc7df7346d5ea8427.jpg</filename>
	<path>C:\Users\Reem Hassan\Desktop\deeplearning\object detection course\samsung phones detection model\train\22b9d208f7de1c8bc7df7346d5ea8427.jpg</path>
	<source>
		<database>Unknown</database>
	</source>
	<size>
		<width>363</width>
		<height>363</height>
		<depth>3</depth>
	</size>
	<segmented>0</segmented>
	<object>
		<name>SamsungFold</name>
		<pose>Unspecified</pose>
		<truncated>0</truncated>
		<difficult>0</difficult>
		<bndbox>
			<xmin>37</xmin>
			<ymin>111</ymin>
			<xmax>161</xmax>
			<ymax>261</ymax>
		</bndbox>
	</object>
</annotation>
