<annotation>
	<folder>train</folder>
	<filename>259608df89ab11f0dd7f78d19f903646.jpg</filename>
	<path>C:\Users\Reem Hassan\Desktop\deeplearning\object detection course\samsung phones detection model\train\259608df89ab11f0dd7f78d19f903646.jpg</path>
	<source>
		<database>Unknown</database>
	</source>
	<size>
		<width>735</width>
		<height>458</height>
		<depth>3</depth>
	</size>
	<segmented>0</segmented>
	<object>
		<name>SamsungFlip</name>
		<pose>Unspecified</pose>
		<truncated>0</truncated>
		<difficult>0</difficult>
		<bndbox>
			<xmin>231</xmin>
			<ymin>47</ymin>
			<xmax>496</xmax>
			<ymax>412</ymax>
		</bndbox>
	</object>
</annotation>
