<annotation>
	<folder>train</folder>
	<filename>281da08730792ae6f11eaaeec9266b86.jpg</filename>
	<path>C:\Users\Reem Hassan\Desktop\deeplearning\object detection course\samsung phones detection model\train\281da08730792ae6f11eaaeec9266b86.jpg</path>
	<source>
		<database>Unknown</database>
	</source>
	<size>
		<width>736</width>
		<height>736</height>
		<depth>3</depth>
	</size>
	<segmented>0</segmented>
	<object>
		<name>SamsungFlip</name>
		<pose>Unspecified</pose>
		<truncated>0</truncated>
		<difficult>0</difficult>
		<bndbox>
			<xmin>176</xmin>
			<ymin>67</ymin>
			<xmax>423</xmax>
			<ymax>472</ymax>
		</bndbox>
	</object>
</annotation>
