<annotation>
	<folder>train</folder>
	<filename>2874bfb7d59a3317334a7bd4152ad28b.jpg</filename>
	<path>C:\Users\Reem Hassan\Desktop\deeplearning\object detection course\samsung phones detection model\train\2874bfb7d59a3317334a7bd4152ad28b.jpg</path>
	<source>
		<database>Unknown</database>
	</source>
	<size>
		<width>736</width>
		<height>552</height>
		<depth>3</depth>
	</size>
	<segmented>0</segmented>
	<object>
		<name>SamsungFold</name>
		<pose>Unspecified</pose>
		<truncated>0</truncated>
		<difficult>0</difficult>
		<bndbox>
			<xmin>212</xmin>
			<ymin>165</ymin>
			<xmax>515</xmax>
			<ymax>514</ymax>
		</bndbox>
	</object>
</annotation>
