<annotation>
	<folder>train</folder>
	<filename>301dac3e685d9a79599d0df35d177279.jpg</filename>
	<path>C:\Users\Reem Hassan\Desktop\deeplearning\object detection course\samsung phones detection model\train\301dac3e685d9a79599d0df35d177279.jpg</path>
	<source>
		<database>Unknown</database>
	</source>
	<size>
		<width>736</width>
		<height>736</height>
		<depth>3</depth>
	</size>
	<segmented>0</segmented>
	<object>
		<name>SamsungFold</name>
		<pose>Unspecified</pose>
		<truncated>0</truncated>
		<difficult>0</difficult>
		<bndbox>
			<xmin>252</xmin>
			<ymin>179</ymin>
			<xmax>685</xmax>
			<ymax>652</ymax>
		</bndbox>
	</object>
</annotation>
