<annotation>
	<folder>train</folder>
	<filename>4fa7b80c61bd0268b35fc23ce049ce27.jpg</filename>
	<path>C:\Users\Reem Hassan\Desktop\deeplearning\object detection course\samsung phones detection model\train\4fa7b80c61bd0268b35fc23ce049ce27.jpg</path>
	<source>
		<database>Unknown</database>
	</source>
	<size>
		<width>736</width>
		<height>736</height>
		<depth>3</depth>
	</size>
	<segmented>0</segmented>
	<object>
		<name>SamsungFold</name>
		<pose>Unspecified</pose>
		<truncated>0</truncated>
		<difficult>0</difficult>
		<bndbox>
			<xmin>141</xmin>
			<ymin>141</ymin>
			<xmax>595</xmax>
			<ymax>610</ymax>
		</bndbox>
	</object>
</annotation>
