<annotation>
	<folder>train</folder>
	<filename>4fe604f1d5dbe4737e14d39f34b6af1c.jpg</filename>
	<path>C:\Users\Reem Hassan\Desktop\deeplearning\object detection course\samsung phones detection model\train\4fe604f1d5dbe4737e14d39f34b6af1c.jpg</path>
	<source>
		<database>Unknown</database>
	</source>
	<size>
		<width>600</width>
		<height>600</height>
		<depth>3</depth>
	</size>
	<segmented>0</segmented>
	<object>
		<name>SamsungFold</name>
		<pose>Unspecified</pose>
		<truncated>0</truncated>
		<difficult>0</difficult>
		<bndbox>
			<xmin>30</xmin>
			<ymin>20</ymin>
			<xmax>324</xmax>
			<ymax>366</ymax>
		</bndbox>
	</object>
</annotation>
