<annotation>
	<folder>train</folder>
	<filename>5652cf35802df9ddc34452e3ed54de0c.jpg</filename>
	<path>C:\Users\Reem Hassan\Desktop\deeplearning\object detection course\samsung phones detection model\train\5652cf35802df9ddc34452e3ed54de0c.jpg</path>
	<source>
		<database>Unknown</database>
	</source>
	<size>
		<width>736</width>
		<height>736</height>
		<depth>3</depth>
	</size>
	<segmented>0</segmented>
	<object>
		<name>SamsungFlip</name>
		<pose>Unspecified</pose>
		<truncated>0</truncated>
		<difficult>0</difficult>
		<bndbox>
			<xmin>60</xmin>
			<ymin>71</ymin>
			<xmax>431</xmax>
			<ymax>685</ymax>
		</bndbox>
	</object>
</annotation>
