<annotation>
	<folder>train</folder>
	<filename>a13e5c5eeec9884b5983b9bdcd81db11.jpg</filename>
	<path>C:\Users\Reem Hassan\Desktop\deeplearning\object detection course\samsung phones detection model\train\a13e5c5eeec9884b5983b9bdcd81db11.jpg</path>
	<source>
		<database>Unknown</database>
	</source>
	<size>
		<width>736</width>
		<height>736</height>
		<depth>3</depth>
	</size>
	<segmented>0</segmented>
	<object>
		<name>SamsungFold</name>
		<pose>Unspecified</pose>
		<truncated>0</truncated>
		<difficult>0</difficult>
		<bndbox>
			<xmin>148</xmin>
			<ymin>217</ymin>
			<xmax>523</xmax>
			<ymax>610</ymax>
		</bndbox>
	</object>
</annotation>
