<annotation>
	<folder>train</folder>
	<filename>a7fc6142efd40a9f693067748093533e.jpg</filename>
	<path>C:\Users\Reem Hassan\Desktop\deeplearning\object detection course\samsung phones detection model\train\a7fc6142efd40a9f693067748093533e.jpg</path>
	<source>
		<database>Unknown</database>
	</source>
	<size>
		<width>736</width>
		<height>1104</height>
		<depth>3</depth>
	</size>
	<segmented>0</segmented>
	<object>
		<name>SamsungFold</name>
		<pose>Unspecified</pose>
		<truncated>0</truncated>
		<difficult>0</difficult>
		<bndbox>
			<xmin>130</xmin>
			<ymin>337</ymin>
			<xmax>582</xmax>
			<ymax>822</ymax>
		</bndbox>
	</object>
</annotation>
