<annotation>
	<folder>train</folder>
	<filename>afa3c15faf5d638a13b212adddbbd9b9.jpg</filename>
	<path>C:\Users\Reem Hassan\Desktop\deeplearning\object detection course\samsung phones detection model\train\afa3c15faf5d638a13b212adddbbd9b9.jpg</path>
	<source>
		<database>Unknown</database>
	</source>
	<size>
		<width>735</width>
		<height>413</height>
		<depth>3</depth>
	</size>
	<segmented>0</segmented>
	<object>
		<name>SamsungFold</name>
		<pose>Unspecified</pose>
		<truncated>0</truncated>
		<difficult>0</difficult>
		<bndbox>
			<xmin>443</xmin>
			<ymin>67</ymin>
			<xmax>665</xmax>
			<ymax>334</ymax>
		</bndbox>
	</object>
	<object>
		<name>SamsungFold</name>
		<pose>Unspecified</pose>
		<truncated>0</truncated>
		<difficult>0</difficult>
		<bndbox>
			<xmin>142</xmin>
			<ymin>225</ymin>
			<xmax>282</xmax>
			<ymax>358</ymax>
		</bndbox>
	</object>
</annotation>
