<annotation>
	<folder>train</folder>
	<filename>bc4a92129875d45c42597bf5ada35397.jpg</filename>
	<path>C:\Users\Reem Hassan\Desktop\deeplearning\object detection course\samsung phones detection model\train\bc4a92129875d45c42597bf5ada35397.jpg</path>
	<source>
		<database>Unknown</database>
	</source>
	<size>
		<width>736</width>
		<height>736</height>
		<depth>3</depth>
	</size>
	<segmented>0</segmented>
	<object>
		<name>SamsungFold</name>
		<pose>Unspecified</pose>
		<truncated>0</truncated>
		<difficult>0</difficult>
		<bndbox>
			<xmin>212</xmin>
			<ymin>223</ymin>
			<xmax>617</xmax>
			<ymax>650</ymax>
		</bndbox>
	</object>
</annotation>
