<annotation>
	<folder>train</folder>
	<filename>dd446a4e3a8d6c55b9662fb27d5f0949.jpg</filename>
	<path>C:\Users\Reem Hassan\Desktop\deeplearning\object detection course\samsung phones detection model\train\dd446a4e3a8d6c55b9662fb27d5f0949.jpg</path>
	<source>
		<database>Unknown</database>
	</source>
	<size>
		<width>736</width>
		<height>736</height>
		<depth>3</depth>
	</size>
	<segmented>0</segmented>
	<object>
		<name>SamsungFold</name>
		<pose>Unspecified</pose>
		<truncated>0</truncated>
		<difficult>0</difficult>
		<bndbox>
			<xmin>126</xmin>
			<ymin>108</ymin>
			<xmax>631</xmax>
			<ymax>601</ymax>
		</bndbox>
	</object>
</annotation>
